id,taste
12771,sweet
12772,sweet
12773,sweet
12774,sweet
12775,sweet
12776,sweet
12777,sweet
12778,sweet
12779,sweet
12780,sweet
12781,sweet
12782,sweet
12783,sweet
12784,sweet
12785,sweet
12786,sweet
12787,sweet
12788,sweet
12789,sweet
12790,sweet
12791,sweet
12792,sweet
12793,sweet
12794,sweet
12795,sweet
12796,sweet
12797,sweet
12798,sweet
12799,sweet
12800,sweet
12801,sweet
12802,sweet
12803,sweet
12804,sweet
12805,sweet
12806,sweet
12807,sweet
12808,sweet
12809,sweet
12810,sweet
12811,sweet
12812,sweet
12813,sweet
12814,sweet
12815,sweet
12816,sweet
12817,sweet
12818,sweet
12819,sweet
12820,sweet
12821,sweet
12822,sweet
12823,sweet
12824,sweet
12825,sweet
12826,sweet
12827,sweet
12828,sweet
12829,sweet
12830,sweet
12831,sweet
12832,sweet
12833,sweet
12834,sweet
12835,sweet
12836,sweet
12837,sweet
12838,sweet
12839,sweet
12840,sweet
12841,sweet
12842,sweet
12843,sweet
12844,sweet
12845,sweet
12846,sweet
12847,sweet
12848,sweet
12849,sweet
12850,sweet
12851,sweet
12852,sweet
12853,sweet
12854,sweet
12855,sweet
12856,sweet
12857,sweet
12858,sweet
12859,sweet
12860,sweet
12861,sweet
12862,sweet
12863,sweet
12864,sweet
12865,sweet
12866,sweet
12867,sweet
12868,sweet
12869,sweet
12870,sweet
12871,sweet
12872,sweet
12873,sweet
12874,sweet
12875,sweet
12876,sweet
12877,sweet
12878,sweet
12879,sweet
12880,sweet
12881,sweet
12882,sweet
12883,sweet
12884,sweet
12885,sweet
12886,sweet
12887,sweet
12888,sweet
12889,sweet
12890,sweet
12891,sweet
12892,sweet
12893,sweet
12894,sweet
12895,sweet
12896,sweet
12897,sweet
12898,sweet
12899,sweet
12900,sweet
12901,sweet
12902,sweet
12903,sweet
12904,sweet
12905,sweet
12906,sweet
12907,sweet
12908,sweet
12909,sweet
12910,sweet
12911,sweet
12912,sweet
12913,sweet
12914,sweet
12915,sweet
12916,sweet
12917,sweet
12918,sweet
12919,sweet
12920,sweet
12921,sweet
12922,sweet
12923,sweet
12924,sweet
12925,sweet
12926,sweet
12927,sweet
12928,sweet
12929,sweet
12930,sweet
12931,sweet
12932,sweet
12933,sweet
12934,sweet
12935,sweet
12936,sweet
12937,sweet
12938,sweet
12939,sweet
12940,sweet
12941,sweet
12942,sweet
12943,sweet
12944,sweet
12945,sweet
12946,sweet
12947,sweet
12948,sweet
12949,sweet
12950,sweet
12951,sweet
12952,sweet
12953,sweet
12954,sweet
12955,sweet
12956,sweet
12957,sweet
12958,sweet
12959,sweet
12960,sweet
12961,sweet
12962,sweet
12963,sweet
12964,sweet
12965,sweet
12966,sweet
12967,sweet
12968,sweet
12969,sweet
12970,sweet
12971,sweet
12972,sweet
12973,sweet
12974,sweet
12975,sweet
12976,sweet
12977,sweet
12978,sweet
12979,sweet
12980,sweet
12981,sweet
12982,sweet
12983,sweet
12984,sweet
12985,sweet
12986,sweet
12987,sweet
12988,sweet
12989,sweet
12990,sweet
12991,sweet
12992,sweet
12993,sweet
12994,sweet
12995,sweet
12996,sweet
12997,sweet
12998,sweet
12999,sweet
13000,sweet
13001,sweet
13002,sweet
13003,sweet
13004,sweet
13005,sweet
13006,sweet
13007,sweet
13008,sweet
13009,sweet
13010,sweet
13011,sweet
13012,sweet
13013,sweet
13014,sweet
13015,sweet
13016,sweet
13017,sweet
13018,sweet
13019,sweet
13020,sweet
13021,sweet
13022,sweet
13023,sweet
13024,sweet
13025,sweet
13026,sweet
13027,sweet
13028,sweet
13029,sweet
13030,sweet
13031,sweet
13032,sweet
13033,sweet
13034,sweet
13035,sweet
13036,sweet
13037,sweet
13038,sweet
13039,sweet
13040,sweet
13041,sweet
13042,sweet
13043,sweet
13044,sweet
13045,sweet
13046,sweet
13047,sweet
13048,sweet
13049,sweet
13050,sweet
13051,sweet
13052,sweet
13053,sweet
13054,sweet
13055,sweet
13056,sweet
13057,sweet
13058,sweet
13059,sweet
13060,sweet
13061,sweet
13062,sweet
13063,sweet
13064,sweet
13065,sweet
13066,sweet
13067,sweet
13068,sweet
13069,sweet
13070,sweet
13071,sweet
13072,sweet
13073,sweet
13074,sweet
13075,sweet
13076,sweet
13077,sweet
13078,sweet
13079,sweet
13080,sweet
13081,sweet
13082,sweet
13083,sweet
13084,sweet
13085,sweet
13086,sweet
13087,sweet
13088,sweet
13089,sweet
13090,sweet
13091,sweet
13092,sweet
13093,sweet
13094,sweet
13095,sweet
13096,sweet
13097,sweet
13098,sweet
13099,sweet
13100,sweet
13101,sweet
13102,sweet
13103,sweet
13104,sweet
13105,sweet
13106,sweet
13107,sweet
13108,sweet
13109,sweet
13110,sweet
13111,sweet
13112,sweet
13113,sweet
13114,sweet
13115,sweet
13116,sweet
13117,sweet
13118,sweet
13119,sweet
13120,sweet
13121,sweet
13122,sweet
13123,sweet
13124,sweet
13125,sweet
13126,sweet
13127,sweet
13128,sweet
13129,sweet
13130,sweet
13131,sweet
13132,sweet
13133,sweet
13134,sweet
13135,sweet
13136,sweet
13137,sweet
13138,sweet
13139,sweet
13140,sweet
13141,sweet
13142,sweet
13143,sweet
13144,sweet
13145,sweet
13146,sweet
13147,sweet
13148,sweet
13149,sweet
13150,sweet
13151,sweet
13152,sweet
13153,sweet
13154,sweet
13155,sweet
13156,sweet
13157,sweet
13158,sweet
13159,sweet
13160,sweet
13161,sweet
13162,sweet
13163,sweet
13164,sweet
13165,sweet
13166,sweet
13167,sweet
13168,sweet
13169,sweet
13170,sweet
13171,sweet
13172,sweet
13173,sweet
13174,sweet
13175,sweet
13176,sweet
13177,sweet
13178,sweet
13179,sweet
13180,sweet
13181,sweet
13182,sweet
13183,sweet
13184,sweet
13185,sweet
13186,sweet
13187,sweet
13188,sweet
13189,sweet
13190,sweet
13191,sweet
13192,sweet
13193,sweet
13194,sweet
13195,sweet
13196,sweet
13197,sweet
13198,sweet
13199,sweet
13200,sweet
13201,sweet
13202,sweet
13203,sweet
13204,sweet
13205,sweet
13206,sweet
13207,sweet
13208,sweet
13209,sweet
13210,sweet
13211,sweet
13212,sweet
13213,sweet
13214,sweet
13215,sweet
13216,sweet
13217,sweet
13218,sweet
13219,sweet
13220,sweet
13221,sweet
13222,sweet
13223,sweet
13224,sweet
13225,sweet
13226,sweet
13227,sweet
13228,sweet
13229,sweet
13230,sweet
13231,sweet
13232,sweet
13233,sweet
13234,sweet
13235,sweet
13236,sweet
13237,sweet
13238,sweet
13239,sweet
13240,sweet
13241,sweet
13242,sweet
13243,sweet
13244,sweet
13245,sweet
13246,sweet
13247,sweet
13248,sweet
13249,sweet
13250,sweet
13251,sweet
13252,sweet
13253,sweet
13254,sweet
13255,sweet
13256,sweet
13257,sweet
13258,sweet
13259,sweet
13260,sweet
13261,sweet
13262,sweet
13263,sweet
13264,sweet
13265,sweet
13266,sweet
13267,sweet
13268,sweet
13269,sweet
13270,sweet
13271,sweet
13272,sweet
13273,sweet
13274,sweet
13275,sweet
13276,sweet
13277,sweet
13278,sweet
13279,sweet
13280,sweet
13281,sweet
13282,sweet
13283,sweet
13284,sweet
13285,sweet
13286,sweet
13287,sweet
13288,sweet
13289,sweet
13290,sweet
13291,sweet
13292,sweet
13293,sweet
13294,sweet
13295,sweet
13296,sweet
13297,sweet
13298,sweet
13299,sweet
13300,sweet
13301,sweet
13302,sweet
13303,sweet
13304,sweet
13305,sweet
13306,sweet
13307,sweet
13308,sweet
13309,sweet
13310,sweet
13311,sweet
13312,sweet
13313,sweet
13314,sweet
13315,sweet
13316,sweet
13317,sweet
13318,sweet
13319,sweet
13320,sweet
13321,sweet
13322,sweet
13323,sweet
13324,sweet
13325,sweet
13326,sweet
13327,sweet
13328,sweet
13329,sweet
13330,sweet
13331,sweet
13332,sweet
13333,sweet
13334,sweet
13335,sweet
13336,sweet
13337,sweet
13338,sweet
13339,sweet
13340,sweet
13341,sweet
13342,sweet
13343,sweet
13344,sweet
13345,sweet
13346,sweet
13347,sweet
13348,sweet
13349,sweet
13350,sweet
13351,sweet
13352,sweet
13353,sweet
13354,sweet
13355,sweet
13356,sweet
13357,sweet
13358,sweet
13359,sweet
13360,sweet
13361,sweet
13362,sweet
13363,sweet
13364,sweet
13365,sweet
13366,sweet
13367,sweet
13368,sweet
13369,sweet
13370,sweet
13371,sweet
13372,sweet
13373,sweet
13374,sweet
13375,sweet
13376,sweet
13377,sweet
13378,sweet
13379,sweet
13380,sweet
13381,sweet
13382,sweet
13383,sweet
13384,sweet
13385,sweet
13386,sweet
13387,sweet
13388,sweet
13389,sweet
13390,sweet
13391,sweet
13392,sweet
13393,sweet
13394,sweet
13395,sweet
13396,sweet
13397,sweet
13398,sweet
13399,sweet
13400,sweet
13401,sweet
13402,sweet
13403,sweet
13404,sweet
13405,sweet
13406,sweet
13407,sweet
13408,sweet
13409,sweet
13410,sweet
13411,sweet
13412,sweet
13413,sweet
13414,sweet
13415,sweet
13416,sweet
13417,sweet
13418,sweet
13419,sweet
13420,sweet
13421,sweet
13422,sweet
13423,sweet
13424,sweet
13425,sweet
13426,sweet
13427,sweet
13428,sweet
13429,sweet
13430,sweet
13431,sweet
13432,sweet
13433,sweet
13434,sweet
13435,sweet
13436,sweet
13437,sweet
13438,sweet
13439,sweet
13440,sweet
13441,sweet
13442,sweet
13443,sweet
13444,sweet
13445,sweet
13446,sweet
13447,sweet
13448,sweet
13449,sweet
13450,sweet
13451,sweet
13452,sweet
13453,sweet
13454,sweet
13455,sweet
13456,sweet
13457,sweet
13458,sweet
13459,sweet
13460,sweet
13461,sweet
13462,sweet
13463,sweet
13464,sweet
13465,sweet
13466,sweet
13467,sweet
13468,sweet
13469,sweet
13470,sweet
13471,sweet
13472,sweet
13473,sweet
13474,sweet
13475,sweet
13476,sweet
13477,sweet
13478,sweet
13479,sweet
13480,sweet
13481,sweet
13482,sweet
13483,sweet
13484,sweet
13485,sweet
13486,sweet
13487,sweet
13488,sweet
13489,sweet
13490,sweet
13491,sweet
13492,sweet
13493,sweet
13494,sweet
13495,sweet
13496,sweet
13497,sweet
13498,sweet
13499,sweet
13500,sweet
13501,sweet
13502,sweet
13503,sweet
13504,sweet
13505,sweet
13506,sweet
13507,sweet
13508,sweet
13509,sweet
13510,sweet
13511,sweet
13512,sweet
13513,sweet
13514,sweet
13515,sweet
13516,sweet
13517,sweet
13518,sweet
13519,sweet
13520,sweet
13521,sweet
13522,sweet
13523,sweet
13524,sweet
13525,sweet
13526,sweet
13527,sweet
13528,sweet
13529,sweet
13530,sweet
13531,sweet
13532,sweet
13533,sweet
13534,sweet
13535,sweet
13536,sweet
13537,sweet
13538,sweet
13539,sweet
13540,sweet
13541,sweet
13542,sweet
13543,sweet
13544,sweet
13545,sweet
13546,sweet
13547,sweet
13548,sweet
13549,sweet
13550,sweet
13551,sweet
13552,sweet
13553,sweet
13554,sweet
13555,sweet
13556,sweet
13557,sweet
13558,sweet
13559,sweet
13560,sweet
13561,sweet
13562,sweet
13563,sweet
13564,sweet
13565,sweet
13566,sweet
13567,sweet
13568,sweet
13569,sweet
13570,sweet
13571,sweet
13572,sweet
13573,sweet
13574,sweet
13575,sweet
13576,sweet
13577,sweet
13578,sweet
13579,sweet
13580,sweet
13581,sweet
13582,sweet
13583,sweet
13584,sweet
13585,sweet
13586,sweet
13587,sweet
13588,sweet
13589,sweet
13590,sweet
13591,sweet
13592,sweet
13593,sweet
13594,sweet
13595,sweet
13596,sweet
13597,sweet
13598,sweet
13599,sweet
13600,sweet
13601,sweet
13602,sweet
13603,sweet
13604,sweet
13605,sweet
13606,sweet
13607,sweet
13608,sweet
13609,sweet
13610,sweet
13611,sweet
13612,sweet
13613,sweet
13614,sweet
13615,sweet
13616,sweet
13617,sweet
13618,sweet
13619,sweet
13620,sweet
13621,sweet
13622,sweet
13623,sweet
13624,sweet
13625,sweet
13626,sweet
13627,sweet
13628,sweet
13629,sweet
13630,sweet
13631,sweet
13632,sweet
13633,sweet
13634,sweet
13635,sweet
13636,sweet
13637,sweet
13638,sweet
13639,sweet
13640,sweet
13641,sweet
13642,sweet
13643,sweet
13644,sweet
13645,sweet
13646,sweet
13647,sweet
13648,sweet
13649,sweet
13650,sweet
13651,sweet
13652,sweet
13653,sweet
13654,sweet
13655,sweet
13656,sweet
13657,sweet
13658,sweet
13659,sweet
13660,sweet
13661,sweet
13662,sweet
13663,sweet
13664,sweet
13665,sweet
13666,sweet
13667,sweet
13668,sweet
13669,sweet
13670,sweet
13671,sweet
13672,sweet
13673,sweet
13674,sweet
13675,sweet
13676,sweet
13677,sweet
13678,sweet
13679,sweet
13680,sweet
13681,sweet
13682,sweet
13683,sweet
13684,sweet
13685,sweet
13686,sweet
13687,sweet
13688,sweet
13689,sweet
13690,sweet
13691,sweet
13692,sweet
13693,sweet
13694,sweet
13695,sweet
13696,sweet
13697,sweet
13698,sweet
13699,sweet
13700,sweet
13701,sweet
13702,sweet
13703,sweet
13704,sweet
13705,sweet
13706,sweet
13707,sweet
13708,sweet
13709,sweet
13710,sweet
13711,sweet
13712,sweet
13713,sweet
13714,sweet
13715,sweet
13716,sweet
13717,sweet
13718,sweet
13719,sweet
13720,sweet
13721,sweet
13722,sweet
13723,sweet
13724,sweet
13725,sweet
13726,sweet
13727,sweet
13728,sweet
13729,sweet
13730,sweet
13731,sweet
13732,sweet
13733,sweet
13734,sweet
13735,sweet
13736,sweet
13737,sweet
13738,sweet
13739,sweet
13740,sweet
13741,sweet
13742,sweet
13743,sweet
13744,sweet
13745,sweet
13746,sweet
13747,sweet
13748,sweet
13749,sweet
13750,sweet
13751,sweet
13752,sweet
13753,sweet
13754,sweet
13755,sweet
13756,sweet
13757,sweet
13758,sweet
13759,sweet
13760,sweet
13761,sweet
13762,sweet
13763,sweet
13764,sweet
13765,sweet
13766,sweet
13767,sweet
13768,sweet
13769,sweet
13770,sweet
13771,sweet
13772,sweet
13773,sweet
13774,sweet
13775,sweet
13776,sweet
13777,sweet
13778,sweet
13779,sweet
13780,sweet
13781,sweet
13782,sweet
13783,sweet
13784,sweet
13785,sweet
13786,sweet
13787,sweet
13788,sweet
13789,sweet
13790,sweet
13791,sweet
13792,sweet
13793,sweet
13794,sweet
13795,sweet
13796,sweet
13797,sweet
13798,sweet
13799,sweet
13800,sweet
13801,sweet
13802,sweet
13803,sweet
13804,sweet
13805,sweet
13806,sweet
13807,sweet
13808,sweet
13809,sweet
13810,sweet
13811,sweet
13812,sweet
13813,sweet
13814,sweet
13815,sweet
13816,sweet
13817,sweet
13818,sweet
13819,sweet
13820,sweet
13821,sweet
13822,sweet
13823,sweet
13824,sweet
13825,sweet
13826,sweet
13827,sweet
13828,sweet
13829,sweet
13830,sweet
13831,sweet
13832,sweet
13833,sweet
13834,sweet
13835,sweet
13836,sweet
13837,sweet
13838,sweet
13839,sweet
13840,sweet
13841,sweet
13842,sweet
13843,sweet
13844,sweet
13845,sweet
13846,sweet
13847,sweet
13848,sweet
13849,sweet
13850,sweet
13851,sweet
13852,sweet
13853,sweet
13854,sweet
13855,sweet
13856,sweet
13857,sweet
13858,sweet
13859,sweet
13860,sweet
13861,sweet
13862,sweet
13863,sweet
13864,sweet
13865,sweet
13866,sweet
13867,sweet
13868,sweet
13869,sweet
13870,sweet
13871,sweet
13872,sweet
13873,sweet
13874,sweet
13875,sweet
13876,sweet
13877,sweet
13878,sweet
13879,sweet
13880,sweet
13881,sweet
13882,sweet
13883,sweet
13884,sweet
13885,sweet
13886,sweet
13887,sweet
13888,sweet
13889,sweet
13890,sweet
13891,sweet
13892,sweet
13893,sweet
13894,sweet
13895,sweet
13896,sweet
13897,sweet
13898,sweet
13899,sweet
13900,sweet
13901,sweet
13902,sweet
13903,sweet
13904,sweet
13905,sweet
13906,sweet
13907,sweet
13908,sweet
13909,sweet
13910,sweet
13911,sweet
13912,sweet
13913,sweet
13914,sweet
13915,sweet
13916,sweet
13917,sweet
13918,sweet
13919,sweet
13920,sweet
13921,sweet
13922,sweet
13923,sweet
13924,sweet
13925,sweet
13926,sweet
13927,sweet
13928,sweet
13929,sweet
13930,sweet
13931,sweet
13932,sweet
13933,sweet
13934,sweet
13935,sweet
13936,sweet
13937,sweet
13938,sweet
13939,sweet
13940,sweet
13941,sweet
13942,sweet
13943,sweet
13944,sweet
13945,sweet
13946,sweet
13947,sweet
13948,sweet
13949,sweet
13950,sweet
13951,sweet
13952,sweet
13953,sweet
13954,sweet
13955,sweet
13956,sweet
13957,sweet
13958,sweet
13959,sweet
13960,sweet
13961,sweet
13962,sweet
13963,sweet
13964,sweet
13965,sweet
13966,sweet
13967,sweet
13968,sweet
13969,sweet
13970,sweet
13971,sweet
13972,sweet
13973,sweet
13974,sweet
13975,sweet
13976,sweet
13977,sweet
13978,sweet
13979,sweet
13980,sweet
13981,sweet
13982,sweet
13983,sweet
13984,sweet
13985,sweet
13986,sweet
13987,sweet
13988,sweet
13989,sweet
13990,sweet
13991,sweet
13992,sweet
13993,sweet
13994,sweet
13995,sweet
13996,sweet
13997,sweet
13998,sweet
13999,sweet
14000,sweet
14001,sweet
14002,sweet
14003,sweet
14004,sweet
14005,sweet
14006,sweet
14007,sweet
14008,sweet
14009,sweet
14010,sweet
14011,sweet
14012,sweet
14013,sweet
14014,sweet
14015,sweet
14016,sweet
14017,sweet
14018,sweet
14019,sweet
14020,sweet
14021,sweet
14022,sweet
14023,sweet
14024,sweet
14025,sweet
14026,sweet
14027,sweet
14028,sweet
14029,sweet
14030,sweet
14031,sweet
14032,sweet
14033,sweet
14034,sweet
14035,sweet
14036,sweet
14037,sweet
14038,sweet
14039,sweet
14040,sweet
14041,sweet
14042,sweet
14043,sweet
14044,sweet
14045,sweet
14046,sweet
14047,sweet
14048,sweet
14049,sweet
14050,sweet
14051,sweet
14052,sweet
14053,sweet
14054,sweet
14055,sweet
14056,sweet
14057,sweet
14058,sweet
14059,sweet
14060,sweet
14061,sweet
14062,sweet
14063,sweet
14064,sweet
14065,sweet
14066,sweet
14067,sweet
14068,sweet
14069,sweet
14070,sweet
14071,sweet
14072,sweet
14073,sweet
14074,sweet
14075,sweet
14076,sweet
14077,sweet
14078,sweet
14079,sweet
14080,sweet
14081,sweet
14082,sweet
14083,sweet
14084,sweet
14085,sweet
14086,sweet
14087,sweet
14088,sweet
14089,sweet
14090,sweet
14091,sweet
14092,sweet
14093,sweet
14094,sweet
14095,sweet
14096,sweet
14097,sweet
14098,sweet
14099,sweet
14100,sweet
14101,sweet
14102,sweet
14103,sweet
14104,sweet
14105,sweet
14106,sweet
14107,sweet
14108,sweet
14109,sweet
14110,sweet
14111,sweet
14112,sweet
14113,sweet
14114,sweet
14115,sweet
14116,sweet
14117,sweet
14118,sweet
14119,sweet
14120,sweet
14121,sweet
14122,sweet
14123,sweet
14124,sweet
14125,sweet
14126,sweet
14127,sweet
14128,sweet
14129,sweet
14130,sweet
14131,sweet
14132,sweet
14133,sweet
14134,sweet
14135,sweet
14136,sweet
14137,sweet
14138,sweet
14139,sweet
14140,sweet
14141,sweet
14142,sweet
14143,sweet
14144,sweet
14145,sweet
14146,sweet
14147,sweet
14148,sweet
14149,sweet
14150,sweet
14151,sweet
14152,sweet
14153,sweet
14154,sweet
14155,sweet
14156,sweet
14157,sweet
14158,sweet
14159,sweet
14160,sweet
14161,sweet
14162,sweet
14163,sweet
14164,sweet
14165,sweet
14166,sweet
14167,sweet
14168,sweet
14169,sweet
14170,sweet
14171,sweet
14172,sweet
14173,sweet
14174,sweet
14175,sweet
14176,sweet
14177,sweet
14178,sweet
14179,sweet
14180,sweet
14181,sweet
14182,sweet
14183,sweet
14184,sweet
14185,sweet
14186,sweet
14187,sweet
14188,sweet
14189,sweet
14190,sweet
14191,sweet
14192,sweet
14193,sweet
14194,sweet
14195,sweet
14196,sweet
14197,sweet
14198,sweet
14199,sweet
14200,sweet
14201,sweet
14202,sweet
14203,sweet
14204,sweet
14205,sweet
14206,sweet
14207,sweet
14208,sweet
14209,sweet
14210,sweet
14211,sweet
14212,sweet
14213,sweet
14214,sweet
14215,sweet
14216,sweet
14217,sweet
14218,sweet
14219,sweet
14220,sweet
14221,sweet
14222,sweet
14223,sweet
14224,sweet
14225,sweet
14226,sweet
14227,sweet
14228,sweet
14229,sweet
14230,sweet
14231,sweet
14232,sweet
14233,sweet
14234,sweet
14235,sweet
14236,sweet
14237,sweet
14238,sweet
14239,sweet
14240,sweet
14241,sweet
14242,sweet
14243,sweet
14244,sweet
14245,sweet
14246,sweet
14247,sweet
14248,sweet
14249,sweet
14250,sweet
14251,sweet
14252,sweet
14253,sweet
14254,sweet
14255,sweet
14256,sweet
14257,sweet
14258,sweet
14259,sweet
14260,sweet
14261,sweet
14262,sweet
14263,sweet
14264,sweet
14265,sweet
14266,sweet
14267,sweet
14268,sweet
14269,sweet
14270,sweet
14271,sweet
14272,sweet
14273,sweet
14274,sweet
14275,sweet
14276,sweet
14277,sweet
14278,sweet
14279,sweet
14280,sweet
14281,sweet
14282,sweet
14283,sweet
14284,sweet
14285,sweet
14286,sweet
14287,sweet
14288,sweet
14289,sweet
14290,sweet
14291,sweet
14292,sweet
14293,sweet
14294,sweet
14295,sweet
14296,sweet
14297,sweet
14298,sweet
14299,sweet
14300,sweet
14301,sweet
14302,sweet
14303,sweet
14304,sweet
14305,sweet
14306,sweet
14307,sweet
14308,sweet
14309,sweet
14310,sweet
14311,sweet
14312,sweet
14313,sweet
14314,sweet
14315,sweet
14316,sweet
14317,sweet
14318,sweet
14319,sweet
14320,sweet
14321,sweet
14322,sweet
14323,sweet
14324,sweet
14325,sweet
14326,sweet
14327,sweet
14328,sweet
14329,sweet
14330,sweet
14331,sweet
14332,sweet
14333,sweet
14334,sweet
14335,sweet
14336,sweet
14337,sweet
14338,sweet
14339,sweet
14340,sweet
14341,sweet
14342,sweet
14343,sweet
14344,sweet
14345,sweet
14346,sweet
14347,sweet
14348,sweet
14349,sweet
14350,sweet
14351,sweet
14352,sweet
14353,sweet
14354,sweet
14355,sweet
14356,sweet
14357,sweet
14358,sweet
14359,sweet
14360,sweet
14361,sweet
14362,sweet
14363,sweet
14364,sweet
14365,sweet
14366,sweet
14367,sweet
14368,sweet
14369,sweet
14370,sweet
14371,sweet
14372,sweet
14373,sweet
14374,sweet
14375,sweet
14376,sweet
14377,sweet
14378,sweet
14379,sweet
14380,sweet
14381,sweet
14382,sweet
14383,sweet
14384,sweet
14385,sweet
14386,sweet
14387,sweet
14388,sweet
14389,sweet
14390,sweet
14391,sweet
14392,sweet
14393,sweet
14394,sweet
14395,sweet
14396,sweet
14397,sweet
14398,sweet
14399,sweet
14400,sweet
14401,sweet
14402,sweet
14403,sweet
14404,sweet
14405,sweet
14406,sweet
14407,sweet
14408,sweet
14409,sweet
14410,sweet
14411,sweet
14412,sweet
14413,sweet
14414,sweet
14415,sweet
14416,sweet
14417,sweet
14418,sweet
14419,sweet
14420,sweet
14421,sweet
14422,sweet
14423,sweet
14424,sweet
14425,sweet
14426,sweet
14427,sweet
14428,sweet
14429,sweet
14430,sweet
14431,sweet
14432,sweet
14433,sweet
14434,sweet
14435,sweet
14436,sweet
14437,sweet
14438,sweet
14439,sweet
14440,sweet
14441,sweet
14442,sweet
14443,sweet
14444,sweet
14445,sweet
14446,sweet
14447,sweet
14448,sweet
14449,sweet
14450,sweet
14451,sweet
14452,sweet
14453,sweet
14454,sweet
14455,sweet
14456,sweet
14457,sweet
14458,sweet
14459,sweet
14460,sweet
14461,sweet
14462,sweet
14463,sweet
14464,sweet
14465,sweet
14466,sweet
14467,sweet
14468,sweet
14469,sweet
14470,sweet
14471,sweet
14472,sweet
14473,sweet
14474,sweet
14475,sweet
14476,sweet
14477,sweet
14478,sweet
14479,sweet
14480,sweet
14481,sweet
14482,sweet
14483,sweet
14484,sweet
14485,sweet
14486,sweet
14487,sweet
14488,sweet
14489,sweet
14490,sweet
14491,sweet
14492,sweet
14493,sweet
14494,sweet
14495,sweet
14496,sweet
14497,sweet
14498,sweet
14499,sweet
14500,sweet
14501,sweet
14502,sweet
14503,sweet
14504,sweet
14505,sweet
14506,sweet
14507,sweet
14508,sweet
14509,sweet
14510,sweet
14511,sweet
14512,sweet
14513,sweet
14514,sweet
14515,sweet
14516,sweet
14517,sweet
14518,sweet
14519,sweet
14520,sweet
14521,sweet
14522,sweet
14523,sweet
14524,sweet
14525,sweet
14526,sweet
14527,sweet
14528,sweet
14529,sweet
14530,sweet
14531,sweet
14532,sweet
14533,sweet
14534,sweet
14535,sweet
14536,sweet
14537,sweet
14538,sweet
14539,sweet
14540,sweet
14541,sweet
14542,sweet
14543,sweet
14544,sweet
14545,sweet
14546,sweet
14547,sweet
14548,sweet
14549,sweet
14550,sweet
14551,sweet
14552,sweet
14553,sweet
14554,sweet
14555,sweet
14556,sweet
14557,sweet
14558,sweet
14559,sweet
14560,sweet
14561,sweet
14562,sweet
14563,sweet
14564,sweet
14565,sweet
14566,sweet
14567,sweet
14568,sweet
14569,sweet
14570,sweet
14571,sweet
14572,sweet
14573,sweet
14574,sweet
14575,sweet
14576,sweet
14577,sweet
14578,sweet
14579,sweet
14580,sweet
14581,sweet
14582,sweet
14583,sweet
14584,sweet
14585,sweet
14586,sweet
14587,sweet
14588,sweet
14589,sweet
14590,sweet
14591,sweet
14592,sweet
14593,sweet
14594,sweet
14595,sweet
14596,sweet
14597,sweet
14598,sweet
14599,sweet
14600,sweet
14601,sweet
14602,sweet
14603,sweet
14604,sweet
14605,sweet
14606,sweet
14607,sweet
14608,sweet
14609,sweet
14610,sweet
14611,sweet
14612,sweet
14613,sweet
14614,sweet
14615,sweet
14616,sweet
14617,sweet
14618,sweet
14619,sweet
14620,sweet
14621,sweet
14622,sweet
14623,sweet
14624,sweet
14625,sweet
14626,sweet
14627,sweet
14628,sweet
14629,sweet
14630,sweet
14631,sweet
14632,sweet
14633,sweet
14634,sweet
14635,sweet
14636,sweet
14637,sweet
14638,sweet
14639,sweet
14640,sweet
14641,sweet
14642,sweet
14643,sweet
14644,sweet
14645,sweet
14646,sweet
14647,sweet
14648,sweet
14649,sweet
14650,sweet
14651,sweet
14652,sweet
14653,sweet
14654,sweet
14655,sweet
14656,sweet
14657,sweet
14658,sweet
14659,sweet
14660,sweet
14661,sweet
14662,sweet
14663,sweet
14664,sweet
14665,sweet
14666,sweet
14667,sweet
14668,sweet
14669,sweet
14670,sweet
14671,sweet
14672,sweet
14673,sweet
14674,sweet
14675,sweet
14676,sweet
14677,sweet
14678,sweet
14679,sweet
14680,sweet
14681,sweet
14682,sweet
14683,sweet
14684,sweet
14685,sweet
14686,sweet
14687,sweet
14688,sweet
14689,sweet
14690,sweet
14691,sweet
14692,sweet
14693,sweet
14694,sweet
14695,sweet
14696,sweet
14697,sweet
14698,sweet
14699,sweet
14700,sweet
14701,sweet
14702,sweet
14703,sweet
14704,sweet
14705,sweet
14706,sweet
14707,sweet
14708,sweet
14709,sweet
14710,sweet
14711,sweet
14712,sweet
14713,sweet
14714,sweet
14715,sweet
14716,sweet
14717,sweet
14718,sweet
14719,sweet
14720,sweet
14721,sweet
14722,sweet
14723,sweet
14724,sweet
14725,sweet
14726,sweet
14727,sweet
14728,sweet
14729,sweet
14730,sweet
14731,sweet
14732,sweet
14733,sweet
14734,sweet
14735,sweet
14736,sweet
14737,sweet
14738,sweet
14739,sweet
14740,sweet
14741,sweet
14742,sweet
14743,sweet
14744,sweet
14745,sweet
14746,sweet
14747,sweet
14748,sweet
14749,sweet
14750,sweet
14751,sweet
14752,sweet
14753,sweet
14754,sweet
14755,sweet
14756,sweet
14757,sweet
14758,sweet
14759,sweet
14760,sweet
14761,sweet
14762,sweet
14763,sweet
14764,sweet
14765,sweet
14766,sweet
14767,sweet
14768,sweet
14769,sweet
14770,sweet
14771,sweet
14772,sweet
14773,sweet
14774,sweet
14775,sweet
14776,sweet
14777,sweet
14778,sweet
14779,sweet
14780,sweet
14781,sweet
14782,sweet
14783,sweet
14784,sweet
14785,sweet
14786,sweet
14787,sweet
14788,sweet
14789,sweet
14790,sweet
14791,sweet
14792,sweet
14793,sweet
14794,sweet
14795,sweet
14796,sweet
14797,sweet
14798,sweet
14799,sweet
14800,sweet
14801,sweet
14802,sweet
14803,sweet
14804,sweet
14805,sweet
14806,sweet
14807,sweet
14808,sweet
14809,sweet
14810,sweet
14811,sweet
14812,sweet
14813,sweet
14814,sweet
14815,sweet
14816,sweet
14817,sweet
14818,sweet
14819,sweet
14820,sweet
14821,sweet
14822,sweet
14823,sweet
14824,sweet
14825,sweet
14826,sweet
14827,sweet
14828,sweet
14829,sweet
14830,sweet
14831,sweet
14832,sweet
14833,sweet
14834,sweet
14835,sweet
14836,sweet
14837,sweet
14838,sweet
14839,sweet
14840,sweet
14841,sweet
14842,sweet
14843,sweet
14844,sweet
14845,sweet
14846,sweet
14847,sweet
14848,sweet
14849,sweet
14850,sweet
14851,sweet
14852,sweet
14853,sweet
14854,sweet
14855,sweet
14856,sweet
14857,sweet
14858,sweet
14859,sweet
14860,sweet
14861,sweet
14862,sweet
14863,sweet
14864,sweet
14865,sweet
14866,sweet
14867,sweet
14868,sweet
14869,sweet
14870,sweet
14871,sweet
14872,sweet
14873,sweet
14874,sweet
14875,sweet
14876,sweet
14877,sweet
14878,sweet
14879,sweet
14880,sweet
14881,sweet
14882,sweet
14883,sweet
14884,sweet
14885,sweet
14886,sweet
14887,sweet
14888,sweet
14889,sweet
14890,sweet
14891,sweet
14892,sweet
14893,sweet
14894,sweet
14895,sweet
14896,sweet
14897,sweet
14898,sweet
14899,sweet
14900,sweet
14901,sweet
14902,sweet
14903,sweet
14904,sweet
14905,sweet
14906,sweet
14907,sweet
14908,sweet
14909,sweet
14910,sweet
14911,sweet
14912,sweet
14913,sweet
14914,sweet
14915,sweet
14916,sweet
14917,sweet
14918,sweet
14919,sweet
14920,sweet
14921,sweet
14922,sweet
14923,sweet
14924,sweet
14925,sweet
14926,sweet
14927,sweet
14928,sweet
14929,sweet
14930,sweet
14931,sweet
14932,sweet
14933,sweet
14934,sweet
14935,sweet
14936,sweet
14937,sweet
14938,sweet
14939,sweet
14940,sweet
14941,sweet
14942,sweet
14943,sweet
14944,sweet
14945,sweet
14946,sweet
14947,sweet
14948,sweet
14949,sweet
14950,sweet
14951,sweet
14952,sweet
14953,sweet
14954,sweet
14955,sweet
14956,sweet
14957,sweet
14958,sweet
14959,sweet
14960,sweet
14961,sweet
14962,sweet
14963,sweet
14964,sweet
14965,sweet
14966,sweet
14967,sweet
14968,sweet
14969,sweet
14970,sweet
14971,sweet
14972,sweet
14973,sweet
14974,sweet
14975,sweet
14976,sweet
14977,sweet
14978,sweet
14979,sweet
14980,sweet
14981,sweet
14982,sweet
14983,sweet
14984,sweet
14985,sweet
14986,sweet
14987,sweet
14988,sweet
14989,sweet
14990,sweet
14991,sweet
14992,sweet
14993,sweet
14994,sweet
14995,sweet
14996,sweet
14997,sweet
14998,sweet
14999,sweet
15000,sweet
15001,sweet
15002,sweet
15003,sweet
15004,sweet
15005,sweet
15006,sweet
15007,sweet
15008,sweet
15009,sweet
15010,sweet
15011,sweet
15012,sweet
15013,sweet
15014,sweet
15015,sweet
15016,sweet
15017,sweet
15018,sweet
15019,sweet
15020,sweet
15021,sweet
15022,sweet
15023,sweet
15024,sweet
